{"epoch": 1, "loss": 1.33522050011158, "grad_norm": 3.2444246016477107, "_step": 0, "_runtime": 86, "_timestamp": 1602670914}