{"epoch": 2, "loss": 2.2987741110324857, "grad_norm": 3.3319110904721927, "_step": 1, "_runtime": 199, "_timestamp": 1602673141}