{"epoch": 3, "loss": 2.2375276443958283, "grad_norm": 2.933116925548828, "_step": 2, "_runtime": 257, "_timestamp": 1602673565}