{"epoch": 1, "loss": 2.0944553439617155, "grad_norm": 5.314663641075346, "_step": 0, "_runtime": 104, "_timestamp": 1602671107}