{"epoch": 1, "loss": 2.2670067958831788, "grad_norm": 5.475509561864628, "_step": 0, "_runtime": 86, "_timestamp": 1602671379}