{"epoch": 6, "loss": 2.216569351196289, "grad_norm": 2.521630724671236, "_step": 5, "_runtime": 569, "_timestamp": 1602672295}