{"epoch": 4, "loss": 2.2521321885585786, "grad_norm": 2.6839402441764864, "_step": 3, "_runtime": 321, "_timestamp": 1602670765}